{
  "algorithm": "MaskablePPO",
  "completed_training_episodes": 174,
  "config": {
    "batch_size": 128,
    "entropy_coefficient": 0.01,
    "gae_lambda": 0.95,
    "gamma": 1.0,
    "learning_rate": 0.0003,
    "max_candidates": 128,
    "n_epochs": 5,
    "n_steps": 512,
    "reward_scale": 500.0,
    "seed": 20260719,
    "total_timesteps": 40000,
    "training_cvs": [
      0.0,
      0.1,
      0.3,
      0.5
    ],
    "training_loads": [
      0.6,
      0.8,
      1.0,
      1.2
    ],
    "workflow_count": 3
  },
  "corpus_name": "wfcommons-three-family-v1",
  "model_path": "artifacts/rl/final_models/wfcommons_maskable_ppo.zip",
  "phase": "5D-wfcommons-training",
  "policy": "MultiInputPolicy",
  "training_families": [
    "epigenomics",
    "montage",
    "seismology"
  ],
  "training_raw_returns": [
    -827.4956011145299,
    -838.088175733362,
    -607.8240469024439,
    -1271.043658576928,
    -1280.6687806093387,
    -818.1886816986273,
    -791.430260019547,
    -739.8076018107547,
    -761.1364072568342,
    -976.5026346064683,
    -1314.5510309346196,
    -721.8205614693759,
    -823.9668737301836,
    -861.0946965793116,
    -742.6502313961886,
    -866.7721701861285,
    -495.8228300811729,
    -650.3728747126431,
    -646.6912181938259,
    -916.3929804117915,
    -683.1733484278537,
    -975.9323821049966,
    -825.4389514397833,
    -609.6822049121107,
    -822.848799122865,
    -1120.8975694745266,
    -777.8832582178538,
    -733.9106791795245,
    -637.3856338738758,
    -1202.7588404784592,
    -797.9118021189273,
    -799.917977011522,
    -816.0955204784602,
    -542.8894351430652,
    -1259.4046456851893,
    -915.5126843580942,
    -759.5867230291092,
    -783.8620076872827,
    -1006.898748814979,
    -821.4691581721565,
    -620.154084127659,
    -1163.7326249654593,
    -704.2334747836863,
    -772.0931578904447,
    -780.4080023517533,
    -1231.6436129058627,
    -1200.397194014433,
    -510.9559551418749,
    -1193.6852199588025,
    -1314.343471532598,
    -848.5980514557737,
    -683.7839834114623,
    -715.3835612537141,
    -1207.2964216214518,
    -808.3084736067357,
    -513.0881658810907,
    -927.6090259269833,
    -870.4464503237971,
    -862.3909882154219,
    -485.81899405128735,
    -1130.6416328964547,
    -856.2603582504565,
    -1048.0846016468872,
    -614.3252352645396,
    -934.1833965230393,
    -870.0271754056886,
    -682.5100997656214,
    -1402.3432971824318,
    -679.7389458392155,
    -1002.6763840097393,
    -774.8070429520272,
    -756.3358171664961,
    -803.2066516006889,
    -470.6074660175956,
    -516.7893711055483,
    -536.8692435881251,
    -786.1171391432719,
    -1157.0681723806388,
    -775.4831755964996,
    -689.7852035475062,
    -1263.9180399106897,
    -725.6017376303303,
    -822.2417082279624,
    -1009.0671576215718,
    -485.0566816827445,
    -786.8931045029819,
    -711.7217504980831,
    -1008.1821650306308,
    -487.8394211749999,
    -708.7123715830612,
    -1222.841451507323,
    -829.5305066751266,
    -1196.5130581683115,
    -1183.2504257061546,
    -872.4054906256476,
    -700.714470499232,
    -544.1053617801491,
    -619.1160150677749,
    -863.001709876432,
    -786.9916022969364,
    -635.1307634043712,
    -670.4495986299139,
    -553.5026335644582,
    -792.1144841145559,
    -1073.354367472004,
    -968.3156813361919,
    -802.981572679832,
    -656.4893738800498,
    -803.8975332654035,
    -910.8039795240023,
    -509.50039915250096,
    -845.116362085752,
    -480.8593778774586,
    -864.4316716872925,
    -955.7909086326638,
    -867.7970837607797,
    -738.6101786901772,
    -818.7444158226368,
    -829.1139837458223,
    -882.6184725146633,
    -499.391114560015,
    -879.1686777905022,
    -800.8703541580853,
    -1255.3151598142404,
    -980.6099420186347,
    -1258.848785187888,
    -763.1218600161611,
    -923.6493245827235,
    -1216.4345762452117,
    -492.54062234147057,
    -539.4155669120178,
    -927.2767523018847,
    -629.2871181106095,
    -549.670890841258,
    -918.4354035624085,
    -1365.2258332975098,
    -748.5359552775661,
    -870.7017367131513,
    -604.0571612950262,
    -1033.6659876806013,
    -702.3513919662711,
    -1099.8090045582908,
    -761.2375424732268,
    -879.3595986138848,
    -817.2219399641934,
    -794.6035494355789,
    -462.7114881860936,
    -1371.3063175971802,
    -1160.86618419371,
    -1209.1698473013103,
    -1088.429410821293,
    -494.865306605683,
    -714.4996028120917,
    -835.3027331549068,
    -847.4110245599293,
    -990.2985087998549,
    -1182.7389499065673,
    -703.224105037962,
    -847.3251033461615,
    -839.1438877724026,
    -825.7266782639258,
    -735.4418598835426,
    -528.966585524524,
    -671.7304165625611,
    -774.2130317889877,
    -740.4086835990471,
    -842.9235103130756,
    -831.0665944529034,
    -789.4278505502336,
    -1163.3266225212526,
    -780.5883654105305,
    -1139.72942044014,
    -897.4332506868479,
    -791.2951414505073
  ]
}
