{
  "algorithm": "MaskablePPO",
  "completed_training_episodes": 130,
  "config": {
    "batch_size": 128,
    "entropy_coefficient": 0.005,
    "gae_lambda": 0.95,
    "gamma": 1.0,
    "learning_rate": 0.0003,
    "max_candidates": 128,
    "n_epochs": 5,
    "n_steps": 512,
    "reward_scale": 500.0,
    "seed": 20260720,
    "total_timesteps": 30000,
    "training_cvs": [
      0.0,
      0.1,
      0.3,
      0.5
    ],
    "training_loads": [
      0.6,
      0.8,
      1.0,
      1.2
    ],
    "workflow_count": 3
  },
  "environment": "heuristic-selection",
  "model_path": "artifacts/rl/final_models/wfcommons_hybrid_maskable_ppo.zip",
  "phase": "5D-hybrid-wfcommons-training",
  "training_raw_returns": [
    -692.3449894741136,
    -501.54601854729486,
    -575.2612130514531,
    -849.5088563857098,
    -539.6570627901006,
    -525.4422018301693,
    -1049.929729729719,
    -705.460473233974,
    -584.302986531342,
    -840.0901043898255,
    -533.0938386447981,
    -687.5189327360963,
    -496.4395598075001,
    -526.1012832114485,
    -481.16695179359016,
    -703.6584616757216,
    -441.61580937710437,
    -610.0006374698197,
    -595.7233619936821,
    -835.6815747957137,
    -607.2419022134983,
    -736.5413268300863,
    -509.2938123124326,
    -770.4692266641598,
    -605.0462107322311,
    -790.6636771807955,
    -856.1161358611512,
    -663.5870549879801,
    -677.1572570414065,
    -685.7265305660155,
    -615.9647913539136,
    -660.948524944231,
    -680.0289034249681,
    -682.2300054389972,
    -813.0634516607726,
    -733.290921452447,
    -655.7178186565062,
    -634.6327176879805,
    -738.9003159060665,
    -584.3747606264618,
    -581.47927449972,
    -675.4864641318968,
    -678.0594294183071,
    -574.7218569018434,
    -543.2206786303553,
    -561.8356768634268,
    -611.6816288920816,
    -487.9383628813598,
    -690.5590549378801,
    -634.2410171116378,
    -592.4508800990217,
    -577.3899690713532,
    -565.3882473687887,
    -699.7645728752605,
    -601.4140558009695,
    -728.3412867066171,
    -748.9942925867106,
    -639.7863119940157,
    -665.5975768877706,
    -535.9579434596312,
    -620.7495497277577,
    -626.3850896459164,
    -477.16318364087454,
    -610.9932768114052,
    -463.52660817807885,
    -675.8226365592313,
    -808.9044223845897,
    -658.130167779085,
    -761.0966813820773,
    -583.4680231471477,
    -756.8312723708212,
    -549.1959936430435,
    -777.7474607057551,
    -621.9410729231079,
    -541.7464217172981,
    -620.5691033770289,
    -637.5558356024248,
    -565.4639872113133,
    -575.8488788075308,
    -524.2266002023625,
    -578.2768265595338,
    -483.3893109718821,
    -584.9103729943591,
    -819.5211341466013,
    -626.1400944572865,
    -609.933571658836,
    -576.6434360031104,
    -556.4260533187278,
    -733.7624165624961,
    -624.1240361702279,
    -589.8022622965458,
    -570.1309349641316,
    -597.8492679882839,
    -608.5801832169371,
    -480.62499220190887,
    -548.2195026579027,
    -564.5132961790881,
    -687.7954710759238,
    -527.0071178207875,
    -518.9124186494346,
    -597.4606030394544,
    -473.0375044099999,
    -517.8714988961342,
    -649.7656111456814,
    -528.825554153097,
    -517.9968690689035,
    -538.4102815184738,
    -697.5350093415259,
    -654.3224481448402,
    -563.2839423558693,
    -542.0501015675195,
    -641.2491993596756,
    -589.924743655732,
    -552.5234340493988,
    -565.4955082427655,
    -610.2711273917447,
    -572.9392215218562,
    -587.1891393158317,
    -593.653189305944,
    -597.2420409705476,
    -699.6676239240672,
    -579.7592956828819,
    -567.4713776886672,
    -630.1914514060259,
    -603.1647989373524,
    -725.998472127496,
    -613.8887517941146,
    -623.5449771352203,
    -643.1469658966619,
    -574.9804121237155
  ]
}
